Language,poison_ordeal,evil_eye,cannibalism,unconscious,conscious,innate,acquired,divination,coven,substance,familiars,hyena_2,owl_3,leopard_4,anteater_5,insect_6,snake_7,human_like_8,spirit_ghost_9,baboon_10,animal_human_11,elderly,male_only,female_only,both_sex,children,deaths_caused,inheritance_maternal,inheritance_paternal,familiars_supernatural,familiars_animals,longitude,latitude
Maberem_Mambila_Mambiloid,1,NA,0,1,1,1,1,1,1,1,NA,NA,NA,NA,NA,NA,NA,NA,NA,NA,0,NA,0,0,1,NA,NA,1,1,NA,NA,12,7
Vute_Mambiloid,1,0,0,0,1,0,1,1,0,0,NA,NA,NA,NA,NA,NA,NA,NA,NA,NA,0,0,0,0,1,1,0,0,1,NA,NA,12,6
Ndoro_Mambiloid,NA,NA,NA,NA,NA,1,1,1,NA,NA,NA,NA,NA,NA,NA,NA,NA,NA,NA,NA,0,NA,0,0,1,NA,NA,1,0,NA,NA,11,7
Mbembe_Jukunoid,1,NA,1,NA,NA,1,1,1,1,NA,NA,NA,NA,NA,NA,NA,NA,NA,NA,NA,0,0,0,0,1,1,1,1,0,NA,NA,10,8
Kenyang_Mamfe,1,0,1,0,1,0,1,NA,1,1,1,0,1,1,0,0,1,0,0,0,0,0,0,0,1,0,0,1,1,0,1,9,6
Ejagham_Ekoid,NA,1,NA,NA,NA,NA,NA,1,1,1,1,0,1,0,0,1,1,1,0,0,0,NA,0,1,0,NA,NA,NA,NA,1,1,8,6
A22_Bakweri,1,NA,1,0,1,1,1,1,NA,NA,1,0,1,0,0,0,0,0,0,0,0,0,0,0,1,0,1,NA,NA,0,1,9.35,4.25
A75a_Fang_Bitam,NA,NA,NA,NA,NA,NA,NA,NA,NA,1,NA,NA,NA,NA,NA,NA,NA,NA,NA,NA,0,NA,0,0,1,NA,NA,NA,NA,NA,NA,11.49,2.08
A81_Kwasio,1,0,1,0,1,0,1,NA,1,0,NA,NA,NA,NA,NA,NA,NA,NA,NA,NA,0,0,1,0,0,0,0,NA,NA,NA,NA,10.22,3.06
A84_Njem,1,0,0,1,1,1,1,1,0,1,1,0,0,0,0,0,0,0,1,0,0,0,0,1,0,0,1,NA,NA,1,0,14,3
A87_Bomwali,1,0,0,1,0,NA,NA,NA,0,0,1,0,0,0,0,0,0,0,1,0,0,0,0,1,0,0,1,NA,NA,1,0,16.05,1.6
C34_Sakata,1,NA,NA,NA,NA,NA,NA,NA,NA,NA,NA,NA,NA,NA,NA,NA,NA,NA,NA,NA,0,NA,1,0,0,NA,NA,NA,NA,NA,NA,18,-3
C61_Mongo,1,NA,NA,NA,NA,NA,NA,NA,NA,NA,1,0,0,1,0,1,0,0,0,0,0,NA,0,1,0,NA,1,NA,NA,0,1,20.5,-1
C85_Wongo,1,NA,1,NA,NA,NA,NA,NA,NA,0,1,0,0,1,0,0,0,0,1,0,0,0,1,0,0,0,NA,NA,NA,1,1,21,-5
C41_Ngombe,1,NA,1,NA,NA,1,1,1,NA,1,NA,NA,NA,NA,NA,NA,NA,NA,NA,NA,0,0,0,1,0,0,1,1,1,NA,NA,21.63,2.18
D21_Baali,1,1,1,1,1,1,1,NA,1,1,NA,NA,NA,NA,NA,NA,NA,NA,NA,NA,0,0,0,1,0,0,1,1,1,NA,NA,26.54,1.1
D311_Bila,0,0,1,0,1,0,1,NA,0,0,NA,NA,NA,NA,NA,NA,NA,NA,NA,NA,0,0,0,1,0,0,1,NA,NA,NA,NA,28.75,0.6
C36d_Lingala,1,1,1,1,1,NA,NA,1,NA,1,NA,NA,NA,NA,NA,NA,NA,NA,NA,NA,0,NA,0,0,1,NA,1,0,1,NA,NA,21.63,2.18
H32_Suku,1,NA,1,NA,NA,NA,NA,1,1,NA,NA,NA,NA,NA,NA,NA,NA,NA,NA,NA,0,1,0,0,1,0,0,NA,NA,NA,NA,17.75,-5.75
H16a_Kisikongo_2013,1,1,NA,1,1,1,1,1,NA,NA,0,NA,NA,NA,NA,NA,NA,NA,NA,NA,0,0,0,0,1,1,1,NA,NA,NA,NA,14.25,-6.26
B86_Dzing,1,NA,NA,NA,NA,NA,NA,NA,NA,NA,NA,NA,NA,NA,NA,NA,NA,NA,NA,NA,0,0,0,0,1,0,NA,NA,NA,NA,NA,20,-4
H41_Mbala,1,NA,0,NA,NA,NA,NA,1,NA,NA,NA,NA,NA,NA,NA,NA,NA,NA,NA,NA,0,1,0,0,1,0,1,NA,NA,NA,NA,17.76,-4.17
R11_Umbundu,1,0,0,1,1,1,0,1,NA,0,1,0,0,0,0,0,0,0,1,0,0,0,0,1,0,0,NA,NA,NA,1,0,14.6,-12.8
R31_Herero,NA,0,NA,0,1,NA,NA,1,NA,NA,NA,NA,NA,NA,NA,NA,NA,NA,NA,NA,0,0,NA,NA,NA,0,NA,NA,NA,NA,NA,20,-20.8
D55_Buyu,1,NA,NA,1,1,1,1,NA,NA,NA,NA,NA,NA,NA,NA,NA,NA,NA,NA,NA,0,NA,0,0,1,NA,NA,NA,NA,NA,NA,28.6,-5.01
JE42_Gusii,1,1,1,0,1,0,1,1,1,0,NA,NA,NA,NA,NA,NA,NA,NA,NA,NA,0,0,0,1,0,1,1,1,0,NA,NA,34.8,-0.8
JE22_Haya,1,NA,NA,NA,NA,NA,NA,1,NA,NA,NA,NA,NA,NA,NA,NA,NA,NA,NA,NA,0,NA,NA,NA,NA,NA,NA,NA,NA,NA,NA,31.5,-1.8
JE11_Runyoro,0,1,1,0,1,NA,NA,1,NA,0,1,0,0,0,0,0,0,0,1,0,0,0,0,1,0,0,1,NA,NA,1,0,30,1.1
JE12_Rutooro,1,NA,NA,0,1,NA,NA,NA,NA,NA,NA,NA,NA,NA,NA,NA,NA,NA,NA,NA,0,0,0,0,1,0,0,NA,NA,NA,NA,30.05,0.96
JE14_Rukiga,1,0,NA,NA,NA,NA,NA,1,NA,NA,1,0,0,0,0,0,0,0,1,0,0,NA,0,1,0,NA,1,NA,NA,1,0,30,-3
JE24_Kerebe,NA,NA,0,0,1,1,1,NA,1,0,1,1,1,0,0,1,1,0,0,0,0,1,0,1,0,0,1,1,1,0,1,33.25,-2.05
JE15_Luganda,1,0,1,0,1,0,1,1,1,NA,NA,NA,NA,NA,NA,NA,NA,NA,NA,NA,0,0,1,0,0,0,1,0,1,NA,NA,33.7,0.5
JE31_Lumasaaba,0,1,1,NA,NA,1,0,1,1,0,1,0,0,0,0,0,0,0,0,0,0,1,0,1,0,0,1,0,1,NA,NA,33.96,0.5
JE31c_Bukusu,0,0,0,0,1,1,1,1,0,0,1,0,0,1,0,0,1,0,0,0,0,0,0,0,1,0,1,1,1,0,1,34.7,0.7
JD62_Rundi,1,NA,NA,NA,NA,NA,NA,1,1,NA,NA,NA,NA,NA,NA,NA,NA,NA,NA,NA,0,1,0,1,0,0,1,1,1,NA,NA,29.9,-3.3
E72a_Giryama,1,1,NA,NA,NA,NA,NA,1,NA,NA,NA,NA,NA,NA,NA,NA,NA,NA,NA,NA,0,NA,NA,NA,NA,NA,0,NA,NA,NA,NA,39.6,-3.35
G12_Kagulu,0,NA,1,0,1,0,1,1,1,0,1,1,1,0,1,0,1,0,0,0,0,0,0,0,1,1,0,1,0,0,1,35.7,-6.2
G32_Kwere,1,NA,NA,NA,NA,0,1,NA,NA,NA,NA,NA,NA,NA,NA,NA,NA,NA,NA,NA,0,NA,0,0,1,NA,1,NA,NA,NA,NA,38.45,-6.6
G35_Luguru,1,0,NA,NA,NA,NA,NA,1,NA,NA,NA,NA,NA,NA,NA,NA,NA,NA,NA,NA,0,NA,NA,NA,NA,NA,1,NA,NA,NA,NA,37.5,-6.8
G34_Nguungulu,1,0,NA,NA,NA,0,1,1,NA,NA,NA,NA,NA,NA,NA,NA,NA,NA,NA,NA,0,0,0,1,0,1,0,1,0,NA,NA,37.5,-6.2
G31_Zigua,1,NA,NA,NA,NA,0,1,NA,NA,NA,NA,NA,NA,NA,NA,NA,NA,NA,NA,NA,0,NA,0,0,1,NA,1,NA,NA,NA,NA,38.4,-5.6
P21_Yao,1,NA,1,NA,NA,0,1,1,1,0,NA,NA,NA,NA,NA,NA,NA,NA,NA,NA,0,0,0,0,1,0,1,NA,NA,NA,NA,35.6,-14.5
N12_Ngoni,1,NA,NA,NA,NA,NA,NA,1,NA,NA,NA,NA,NA,NA,NA,NA,NA,NA,NA,NA,0,NA,NA,NA,NA,NA,NA,NA,NA,NA,NA,39,-12.55
N11_Manda,1,NA,1,1,1,NA,NA,1,NA,0,NA,NA,NA,NA,NA,NA,NA,NA,NA,NA,0,0,0,0,1,0,1,NA,NA,NA,NA,34.7,-10.5
G11_Gogo,0,NA,NA,NA,NA,NA,NA,1,NA,NA,NA,NA,NA,NA,NA,NA,NA,NA,NA,NA,0,0,1,0,0,0,1,NA,NA,NA,NA,35.7,-6.2
G63_Bena,1,0,NA,0,1,1,0,1,NA,0,NA,NA,NA,NA,NA,NA,NA,NA,NA,NA,0,NA,1,0,0,NA,NA,NA,NA,NA,NA,35.1,-9.2
G62_Hehe,1,NA,NA,0,1,1,0,1,NA,NA,NA,NA,NA,NA,NA,NA,NA,NA,NA,NA,0,0,0,0,1,0,NA,NA,NA,NA,NA,35.6,-8
E46_Sonjo,0,1,NA,0,1,NA,NA,0,NA,NA,NA,NA,NA,NA,NA,NA,NA,NA,NA,NA,0,0,0,0,1,0,NA,0,1,NA,NA,35.78,-2.15
E55_Kamba,1,1,NA,NA,NA,0,1,1,NA,NA,NA,NA,NA,NA,NA,NA,NA,NA,NA,NA,0,1,0,1,0,0,1,NA,NA,NA,NA,38,-1.5
E51_Kikuyu,1,1,0,1,1,NA,NA,1,1,0,1,1,0,0,0,0,0,0,0,0,0,1,1,0,0,0,1,NA,NA,0,1,36.75,-0.45
E74a_Dawida,0,1,0,0,1,NA,NA,1,NA,NA,NA,NA,NA,NA,NA,NA,NA,NA,NA,NA,0,0,NA,NA,NA,0,NA,NA,NA,NA,NA,39,-4
E622A_Kimochi,1,1,0,0,1,1,1,1,NA,NA,NA,NA,NA,NA,NA,NA,NA,NA,NA,NA,0,0,0,1,0,1,1,1,1,NA,NA,37.15,-3.31
G22_Asu,0,0,0,0,1,0,1,NA,0,0,0,NA,NA,NA,NA,NA,NA,NA,NA,NA,0,0,1,0,0,0,NA,NA,NA,NA,NA,37.7,-4.1
M11_Pimbwe,1,NA,NA,NA,NA,NA,NA,NA,NA,NA,NA,NA,NA,NA,NA,NA,NA,NA,NA,NA,0,NA,NA,NA,NA,NA,NA,NA,NA,NA,NA,31,-6.9
M13_Fipa,1,NA,NA,NA,NA,NA,NA,1,NA,NA,NA,NA,NA,NA,NA,NA,NA,NA,NA,NA,0,NA,NA,NA,NA,NA,NA,NA,NA,NA,NA,31.3,-8
M15_Mambwe,1,0,NA,NA,NA,NA,NA,0,NA,NA,NA,NA,NA,NA,NA,NA,NA,NA,NA,NA,0,0,1,0,0,0,0,NA,NA,NA,NA,31.2,-9
M31_Nyakyusa,1,0,1,0,1,1,0,1,1,1,1,0,1,1,0,0,0,0,0,0,0,0,0,0,1,1,1,1,1,NA,NA,33.7,-9.7
M25_Safwa,NA,NA,NA,NA,NA,NA,NA,NA,NA,NA,1,0,0,0,0,0,1,0,0,0,0,0,0,0,1,1,NA,NA,NA,NA,NA,33.5,-8.6
N31_Chewa,1,1,1,0,1,0,1,1,1,0,1,0,1,0,0,0,0,0,0,0,0,0,1,0,0,1,1,NA,NA,0,1,33.5,-13.8
P31_Emakhua,0,NA,0,0,1,0,1,NA,0,0,0,NA,NA,NA,NA,NA,NA,NA,NA,NA,0,0,0,0,1,0,1,NA,NA,NA,NA,39.5,-14
S11_Shona,1,1,1,0,1,NA,NA,1,1,0,1,1,1,0,1,0,0,1,0,1,0,0,0,1,0,0,0,NA,NA,1,1,30.5,-18
S21_Venda,1,NA,1,1,1,1,1,1,1,0,1,1,1,0,0,0,1,0,0,0,0,NA,0,1,0,NA,1,NA,NA,0,1,30,-22.5
S53_Tsonga,1,1,1,1,1,0,1,1,1,0,1,0,1,0,0,0,1,0,1,0,0,0,0,0,1,0,1,1,0,1,1,30.6,-23.5
S41_Xhosa,0,NA,NA,0,1,NA,NA,1,NA,NA,1,0,0,0,0,0,0,0,0,1,0,0,0,0,1,0,1,NA,NA,0,1,27,-31.5
S42_Zulu,1,0,1,1,1,NA,NA,1,NA,0,1,0,1,0,0,0,1,1,0,1,0,NA,0,0,1,NA,1,NA,NA,1,1,31,-28
S44_Ndebele,0,0,0,NA,NA,NA,NA,1,NA,NA,1,1,0,0,1,0,0,1,0,1,0,0,1,0,0,0,1,NA,NA,1,1,28.75,-19.7
K21_Lozi,1,0,1,1,1,0,1,1,1,0,1,0,1,0,0,0,1,0,1,0,0,1,0,0,1,0,1,0,1,1,1,24.53,-17.06
S31_Tswana,0,0,1,NA,NA,NA,NA,1,1,0,1,1,1,0,0,0,0,0,0,0,0,1,0,1,0,0,1,NA,NA,0,1,25,-25.8
M54_Lamba,1,0,0,0,1,0,1,1,NA,0,1,0,0,0,0,0,1,0,0,0,0,0,0,0,1,0,1,NA,NA,0,1,28,-13
M42_Bemba,1,0,1,NA,NA,NA,NA,1,NA,0,1,0,1,0,0,0,0,0,0,NA,0,NA,0,0,1,NA,0,NA,NA,0,1,30,-10.2
L31a_Luba-Kasai,1,NA,NA,1,1,NA,NA,NA,NA,NA,NA,NA,NA,NA,NA,NA,NA,NA,NA,NA,0,NA,0,0,1,NA,0,NA,NA,NA,NA,22.25,-5.95
L41_Kaonde,1,0,NA,1,1,1,1,1,1,0,1,0,0,0,0,0,0,1,0,0,1,0,0,0,1,0,0,NA,NA,1,1,25.8,-12.6
L52_Lunda,1,NA,1,0,1,NA,NA,1,1,1,1,1,1,0,0,0,0,1,0,0,1,1,0,1,0,0,1,1,0,1,1,23.85,-11.28
K14_Lwena,1,0,1,1,1,0,1,1,NA,NA,1,0,1,0,0,0,0,0,0,0,1,1,0,1,0,0,1,1,0,0,1,22.4,-12.4
K11_Ciokwe,NA,NA,NA,NA,NA,NA,NA,NA,NA,1,1,0,0,0,0,0,0,0,0,0,1,NA,0,0,1,NA,NA,NA,NA,1,0,21.8,-9.3
B31_Tsogo,1,NA,NA,NA,NA,NA,NA,NA,NA,NA,NA,NA,NA,NA,NA,NA,NA,NA,NA,NA,0,NA,NA,NA,NA,NA,NA,NA,NA,NA,NA,11.3,-1.5
B11a_Mpongwe,1,NA,NA,NA,NA,NA,NA,NA,NA,NA,NA,NA,NA,NA,NA,NA,NA,NA,NA,NA,0,NA,0,0,1,NA,1,NA,NA,NA,NA,9.55,-1.2
A44_Tunen,1,0,1,1,0,1,0,1,0,NA,NA,NA,NA,NA,NA,NA,NA,NA,NA,NA,0,0,0,0,1,0,1,1,0,NA,NA,11,5
Fefe_EG_Bamileke,1,NA,NA,NA,NA,NA,NA,1,1,NA,NA,NA,NA,NA,NA,NA,NA,NA,NA,NA,0,NA,NA,NA,NA,NA,NA,NA,NA,NA,NA,10.2,5.3
Bamun_EG_Nun,1,NA,NA,1,1,1,1,1,NA,1,1,0,0,1,0,0,0,0,0,0,0,NA,0,1,0,NA,1,1,0,0,1,10.42,5.53
Bali/Mungaka_EG_Nun,0,0,0,0,1,0,1,1,0,0,0,NA,NA,NA,NA,NA,NA,NA,NA,NA,0,NA,0,0,1,NA,0,NA,NA,NA,NA,10.38,5.39
Tiv_Tivoid,1,0,1,1,1,0,1,1,1,1,1,0,1,0,0,0,0,0,0,0,0,1,1,0,0,0,1,NA,NA,0,1,9.01,6.22
Efik_Lower-Cross,NA,NA,NA,NA,NA,0,1,1,NA,NA,NA,NA,NA,NA,NA,NA,NA,NA,NA,NA,0,NA,0,1,0,NA,NA,1,0,NA,NA,8,5
Ibibio_Lower-Cross,1,1,1,0,1,1,1,1,1,0,0,0,0,0,0,0,0,0,0,0,0,NA,0,1,0,NA,1,1,0,NA,NA,8,5
